Lead,Response,Qualification,Proposal,Closure,Response Rate
401,23,16,7,1,5.741161422446975
345,19,15,4,2,5.507246376811594
272,48,1,7,1,17.647058823529413
230,20,3,6,3,8.695652173913043
354,36,14,7,2,10.169491525423728
299,23,18,1,0,7.694300518134715
357,33,4,4,1,9.238767876423169
119,33,18,3,1,27.727272727272727
283,49,4,9,0,17.29857819905272
403,32,17,9,3,7.93433096289963